str_order	unique_id	FEATUREID
1	0	201473434
1	1	201473434
1	2	201473435
1	3	201473435
1	4	201473448
2	5	201473554
2	6	201473449
1	7	201473555
2	8	201473682
1	9	201473683
2	10	201473794
2	11	201473794
2	12	201473794
2	13	201473794
1	14	201473794
1	15	201473794
1	16	201473795
1	17	201473806
1	18	201473826
2	19	201473815
2	20	201474006
2	21	201473815
1	22	201473846
1	23	201473846
1	24	201473847
1	25	201473847
2	26	201473895
2	27	201473895
2	28	201473895
2	29	201473896
1	30	201473896
1	31	201473896
1	32	201474006
1	33	201474006
3	34	201474006
3	35	201474006
2	36	201474006
2	37	201474006
4	38	201474093
3	39	201474007
2	40	201474132
2	41	201474114
1	42	201474113
1	43	201474132
1	44	201474132
2	45	201474376
2	46	201474169
1	47	201474168
1	48	201474169
2	49	201474169
4	50	201474179
1	51	201474184
1	52	201474332
1	53	201474333
1	54	201474333
4	55	201474375
4	56	201474387
2	57	201474532
1	58	201474400
2	59	201474401
1	60	201474430
1	61	201474430
1	62	201474424
1	63	201474424
2	64	201474407
4	65	201474437
4	66	201474587
1	67	201474438
2	68	201474438
2	69	201474438
1	70	201474438
1	71	201474438
1	72	201474460
1	73	201474466
2	74	201474531
1	75	201474531
1	76	201474531
1	77	201474583
1	78	201474584
2	79	201474588
2	80	201474588
1	81	201474588
2	82	201474588
2	83	201474588
1	84	201474588
1	85	201474588
1	86	201474588
2	87	201474641
1	88	201474641
1	89	201474641
2	90	201474642
2	91	201474642
2	92	201474653
2	93	201474653
2	94	201474653
2	95	201474653
2	96	201474653
2	97	201474653
1	98	201474653
1	99	201474653
2	100	201474653
1	101	201474653
1	102	201474653
1	103	201474654
1	104	201475020
1	105	201474695
1	106	201474695
4	107	201474729
4	108	201474696
1	109	201474706
1	110	201474705
1	111	201474705
2	112	201474705
2	113	201474705
3	114	201474721
3	115	201474721
1	116	201474720
1	117	201474720
2	118	201474728
1	119	201474728
1	120	201474728
1	121	201474728
1	122	201474728
4	123	201474795
3	124	201474778
3	125	201474778
1	126	201474779
1	127	201474796
1	128	201474796
1	129	201474806
2	130	201474806
2	131	201474806
1	132	201474806
1	133	201474807
1	134	201474807
1	135	201474807
1	136	201474807
1	137	201474819
3	138	201474819
3	139	201474819
2	140	201474820
2	141	201474820
1	142	201474820
1	143	201474820
1	144	201474820
1	145	201474820
2	146	201474849
2	147	201474849
2	148	201474849
1	149	201474850
1	150	201474850
1	151	201474860
1	152	201474860
3	153	201474861
2	154	201474932
1	155	201474868
1	156	201474868
1	157	201474868
1	158	201474868
4	159	201474918
4	160	201474918
4	161	201474918
4	162	201474918
2	163	201474870
2	164	201474870
4	165	201474869
1	166	201474870
1	167	201474870
1	168	201474870
2	169	201474870
1	170	201474870
1	171	201474901
3	172	201474902
3	173	201474902
2	174	201475007
2	175	201474969
2	176	201474954
2	177	201474954
2	178	201474954
1	179	201474908
3	180	201474922
1	181	201474926
2	182	201474932
2	183	201474932
2	184	201474932
1	185	201474932
1	186	201474932
1	187	201474932
4	188	201474966
4	189	201474933
2	190	201474942
2	191	201474942
1	192	201474942
1	193	201474942
2	194	201474943
1	195	201474943
2	196	201474943
1	197	201474988
3	198	201474989
1	199	201475023
1	200	201475045
2	201	201475065
2	202	201475065
2	203	201475065
2	204	201475065
2	205	201475065
2	206	201475065
2	207	201475065
3	208	201475317
2	209	201475020
2	210	201475020
2	211	201475020
2	212	201475020
2	213	201475020
3	214	201475035
3	215	201475047
2	216	201475048
1	217	201475048
1	218	201475048
1	219	201475058
4	220	201475329
1	221	201475063
1	222	201475064
4	223	201475064
4	224	201475064
4	225	201475064
1	226	201475064
1	227	201475418
1	228	201475418
1	229	201475418
1	230	201475418
1	231	201475418
3	232	201475117
3	233	201475117
3	234	201475118
3	235	201475118
1	236	201475118
3	237	201475118
1	238	201475230
4	239	201475230
1	240	201475230
4	241	201475230
4	242	201475230
3	243	201475318
1	244	201475273
1	245	201475273
1	246	201475273
1	247	201475273
1	248	201475273
3	249	201475272
3	250	201475272
1	251	201475298
2	252	201475434
1	253	201475299
2	254	201475316
1	255	201475316
1	256	201475316
4	257	201475339
3	258	201475317
3	259	201475317
3	260	201475317
3	261	201475317
2	262	201475317
1	263	201475317
1	264	201475317
4	265	201475330
4	266	201475323
1	267	201475324
2	268	201475366
1	269	201475367
1	270	201475367
2	271	201475422
2	272	201475422
2	273	201475422
2	274	201475331
2	275	201475331
1	276	201475331
1	277	201475331
4	278	201475435
4	279	201475435
2	280	201475340
2	281	201475340
2	282	201475340
2	283	201475340
1	284	201475340
1	285	201475340
4	286	201475364
2	287	201475373
2	288	201475373
2	289	201475373
2	290	201475373
2	291	201475373
2	292	201475373
2	293	201475373
4	294	201475364
4	295	201475364
1	296	201475364
1	297	201475366
1	298	201475366
1	299	201475462
1	300	201475462
1	301	201475375
2	302	201475422
2	303	201475441
1	304	201475422
1	305	201475422
1	306	201475422
2	307	201475422
4	308	201475435
1	309	201475435
1	310	201475435
1	311	201475435
2	312	201475441
1	313	201475564
1	314	201475441
3	315	201475442
4	316	201475446
1	317	201475445
1	318	201475445
1	319	201475445
1	320	201475445
1	321	201475445
1	322	201475445
1	323	201475451
2	324	201475455
1	325	201475452
1	326	201475453
3	327	201475453
4	328	201475622
4	329	201475453
4	330	201475453
2	331	201475490
1	332	201475473
1	333	201475473
1	334	201475473
3	335	201475486
3	336	201475486
2	337	201475589
2	338	201475589
2	339	201475487
1	340	201475487
1	341	201475487
1	342	201475490
1	343	201475490
3	344	201475513
3	345	201475513
1	346	201475512
1	347	201475514
1	348	201475514
1	349	201475514
4	350	201475563
3	351	201475578
3	352	201475578
3	353	201475578
3	354	201475578
4	355	201475579
4	356	201475579
4	357	201475579
1	358	201475579
1	359	201475579
1	360	201475579
2	361	201475615
2	362	201475585
2	363	201475585
2	364	201475585
2	365	201475585
2	366	201475585
1	367	201475844
1	368	201475844
1	369	201475844
1	370	201475844
2	371	201475618
4	372	201475629
1	373	201475655
2	374	201475618
2	375	201475618
4	376	201475618
1	377	201475621
2	378	201475721
2	379	201475941
3	380	201475650
1	381	201475651
1	382	201475651
2	383	201475651
1	384	201475651
1	385	201475655
1	386	201475655
2	387	201475655
2	388	201475655
2	389	201475666
1	390	201475666
1	391	201475690
1	392	201475702
5	393	201475835
5	394	201475835
5	395	201475692
1	396	201475709
2	397	201475740
1	398	201475751
1	399	201475751
1	400	201475763
4	401	201475764
4	402	201475764
2	403	201475795
1	404	201475795
1	405	201475819
2	406	201475819
1	407	201475825
1	408	201475825
1	409	201475825
1	410	201475825
1	411	201475828
1	412	201475828
1	413	201475828
1	414	201475828
1	415	201475828
1	416	201475828
1	417	201475843
1	418	201475851
1	419	201475851
1	420	201475851
1	421	201475851
1	422	201475870
4	423	201475877
1	424	201475878
1	425	201475878
1	426	201475878
2	427	201475896
5	428	201475895
1	429	201475896
2	430	201475896
2	431	201475896
1	432	201475896
1	433	201475896
2	434	201475896
1	435	201475896
1	436	201475896
1	437	201475897
2	438	201475897
2	439	201475897
1	440	201475897
1	441	201475897
1	442	201475927
1	443	201475935
2	444	201475935
1	445	201475935
1	446	201475935
2	447	201475980
2	448	201475980
1	449	201475936
1	450	201475936
5	451	201476012
2	452	201475959
2	453	201475959
2	454	201475959
2	455	201475961
1	456	201476132
1	457	201476132
1	458	201476132
1	459	201476132
1	460	201476132
1	461	201476132
1	462	201476132
1	463	201476132
3	464	201475983
3	465	201476069
5	466	201476069
5	467	201476069
5	468	201476069
5	469	201476069
5	470	201475970
1	471	201475970
5	472	201475970
4	473	201476002
4	474	201476002
4	475	201476002
4	476	201476002
4	477	201475972
4	478	201475972
5	479	201475971
5	480	201475971
1	481	201475971
1	482	201475971
2	483	201475973
2	484	201475973
1	485	201475973
1	486	201475973
2	487	201476151
2	488	201476151
2	489	201476090
2	490	201476090
2	491	201475983
4	492	201476008
1	493	201476086
1	494	201476086
1	495	201476008
2	496	201476011
2	497	201476011
2	498	201476011
2	499	201476011
1	500	201476011
1	501	201476011
5	502	201476012
1	503	201476012
1	504	201476012
1	505	201476024
2	506	201476024
2	507	201476024
2	508	201476024
1	509	201476024
1	510	201476024
1	511	201476024
2	512	201476030
1	513	201476030
1	514	201476030
2	515	201476031
1	516	201476031
2	517	201476031
1	518	201476031
1	519	201476031
4	520	201476033
4	521	201476033
3	522	201476048
3	523	201476034
3	524	201476034
3	525	201476034
3	526	201476034
1	527	201476034
2	528	201476034
2	529	201476034
1	530	201476034
1	531	201476034
1	532	201476034
1	533	201476034
1	534	201476034
1	535	201476034
1	536	201476042
1	537	201476042
3	538	201476129
2	539	201476060
2	540	201476060
5	541	201476053
5	542	201476053
1	543	201476133
1	544	201476133
1	545	201476133
5	546	201476054
1	547	201476131
1	548	201476131
5	549	201476057
6	550	201476195
5	551	201476058
1	552	201476060
1	553	201476060
1	554	201476060
1	555	201476060
2	556	201476060
2	557	201476060
1	558	201476060
2	559	201476060
2	560	201476060
2	561	201476060
2	562	201476060
1	563	201476060
2	564	201476060
2	565	201476060
2	566	201476060
2	567	201476060
2	568	201476228
5	569	201476067
1	570	201476089
1	571	201476089
2	572	201476205
2	573	201476205
2	574	201476205
1	575	201476090
1	576	201476090
2	577	201476090
1	578	201476090
1	579	201476108
1	580	201476108
1	581	201476108
1	582	201476107
1	583	201476107
2	584	201476107
2	585	201476107
2	586	201476107
1	587	201476107
2	588	201476107
1	589	201476107
1	590	201476107
3	591	201476134
1	592	201476141
2	593	201476141
2	594	201476141
1	595	201476141
3	596	201476152
3	597	201476152
3	598	201476152
1	599	201476142
2	600	201476211
2	601	201476211
2	602	201476171
1	603	201476171
1	604	201476171
1	605	201476171
2	606	201476171
2	607	201476171
2	608	201476171
1	609	201476171
1	610	201476177
2	611	201476177
1	612	201476177
1	613	201476177
1	614	201476185
1	615	201476185
1	616	201476185
1	617	201476185
1	618	201476197
1	619	201476197
1	620	201476199
1	621	201476199
1	622	201476199
1	623	201476199
1	624	201476199
1	625	201476199
1	626	201476205
1	627	201476205
1	628	201476211
1	629	201476211
1	630	201476211
1	631	201476217
2	632	201476218
1	633	201476218
2	634	201476218
1	635	201476218
1	636	201476218
1	637	201476218
1	638	201476349
1	639	201476265
2	640	201476231
2	641	201476231
1	642	201476232
2	643	201476232
2	644	201476232
1	645	201476232
1	646	201476232
1	647	201476232
2	648	201476232
2	649	201476232
1	650	201476232
1	651	201476232
1	652	201476232
2	653	201476241
2	654	201476357
2	655	201476241
2	656	201476241
1	657	201476241
1	658	201476241
2	659	201476241
2	660	201476241
3	661	201476294
3	662	201476305
1	663	201476294
1	664	201476294
3	665	201476294
1	666	201476294
3	667	201476294
1	668	201476294
3	669	201476294
1	670	201476294
1	671	201476294
1	672	201476294
3	673	201476294
3	674	201476294
3	675	201476294
1	676	201476296
3	677	201476296
3	678	201476307
3	679	201476296
3	680	201476296
1	681	201476296
3	682	201476296
3	683	201476296
1	684	201476302
1	685	201476302
4	686	201476305
4	687	201476305
4	688	201476305
4	689	201476305
4	690	201476307
3	691	201476321
3	692	201476321
3	693	201476321
3	694	201476378
3	695	201476378
2	696	201476311
2	697	201476311
2	698	201476311
1	699	201476311
1	700	201476311
1	701	201476311
2	702	201476312
2	703	201476312
2	704	201476312
1	705	201476312
1	706	201476312
1	707	201476312
1	708	201476312
6	709	201476315
6	710	201476390
2	711	201476319
1	712	201476319
1	713	201476319
2	714	201476392
3	715	201476326
3	716	201476326
3	717	201476326
3	718	201476326
3	719	201476326
1	720	201476332
1	721	201476387
1	722	201476332
4	723	201476337
4	724	201476386
2	725	201476348
2	726	201476356
1	727	201476348
1	728	201476348
1	729	201476348
1	730	201476348
4	731	201476386
4	732	201476356
4	733	201476652
4	734	201476374
4	735	201476374
3	736	201476357
1	737	201476357
3	738	201476357
3	739	201476357
1	740	201476357
1	741	201476357
1	742	201476357
3	743	201476357
3	744	201476357
3	745	201476357
3	746	201476357
3	747	201476357
1	748	201476373
1	749	201476387
4	750	201476387
4	751	201476374
1	752	201476374
1	753	201476374
2	754	201476379
1	755	201476379
1	756	201476379
1	757	201476379
1	758	201476379
2	759	201476420
1	760	201476385
1	761	201476384
1	762	201476384
1	763	201476386
1	764	201476386
4	765	201476386
4	766	201476386
1	767	201476393
1	768	201476393
1	769	201476387
4	770	201476387
4	771	201476387
4	772	201476387
4	773	201476387
1	774	201476387
1	775	201476387
1	776	201476387
1	777	201476387
1	778	201476387
1	779	201476388
1	780	201476389
6	781	201476406
2	782	201476391
1	783	201476391
1	784	201476391
1	785	201476392
1	786	201476392
2	787	201476392
1	788	201476392
1	789	201476400
1	790	201476404
2	791	201476424
2	792	201476405
1	793	201476405
2	794	201476405
2	795	201476405
1	796	201476405
1	797	201476405
2	798	201476405
2	799	201476405
1	800	201476405
1	801	201476405
1	802	201476405
3	803	201476407
3	804	201476441
2	805	201476408
1	806	201476408
1	807	201476408
1	808	201476408
1	809	201476423
2	810	201476414
2	811	201476414
1	812	201476414
1	813	201476498
2	814	201476415
1	815	201476416
1	816	201476426
2	817	201476426
1	818	201476426
1	819	201476426
1	820	201476426
2	821	201476427
1	822	201476427
1	823	201476427
1	824	201476427
1	825	201476432
2	826	201476432
2	827	201476432
1	828	201476432
1	829	201476432
2	830	201476433
2	831	201476433
2	832	201476433
1	833	201476433
1	834	201476433
1	835	201476433
1	836	201476433
1	837	201476440
2	838	201476440
1	839	201476440
3	840	201476442
3	841	201476442
1	842	201476442
3	843	201476442
3	844	201476442
3	845	201476442
1	846	201476443
2	847	201476443
2	848	201476443
2	849	201476443
1	850	201476443
1	851	201476443
2	852	201476526
2	853	201476446
2	854	201476446
1	855	201476451
3	856	201476450
2	857	201476461
1	858	201476462
1	859	201476485
1	860	201476485
1	861	201476485
1	862	201476485
1	863	201476485
1	864	201476513
1	865	201476514
6	866	201476555
6	867	201476521
2	868	201476520
2	869	201476520
1	870	201476520
1	871	201476521
6	872	201476521
1	873	201476521
6	874	201476521
1	875	201476526
1	876	201476528
1	877	201476528
3	878	201476529
2	879	201476529
1	880	201476529
1	881	201476543
1	882	201476550
2	883	201476550
2	884	201476550
1	885	201476550
1	886	201476550
3	887	201476564
3	888	201476564
3	889	201476564
1	890	201476564
3	891	201476564
3	892	201476564
1	893	201476565
1	894	201476565
1	895	201476565
2	896	201476578
1	897	201476579
1	898	201476579
3	899	201476588
3	900	201476588
3	901	201476589
3	902	201476589
3	903	201476589
3	904	201476589
3	905	201476589
1	906	201476593
1	907	201476593
1	908	201476661
1	909	201476661
2	910	201476603
2	911	201476625
2	912	201476605
2	913	201476606
1	914	201476605
1	915	201476605
1	916	201476605
1	917	201476605
1	918	201476606
3	919	201476613
3	920	201476613
2	921	201476606
2	922	201476606
2	923	201476626
2	924	201476606
2	925	201476606
2	926	201476606
1	927	201476606
1	928	201476606
1	929	201476612
3	930	201476612
3	931	201476612
1	932	201476619
1	933	201476622
3	934	201476625
2	935	201476744
2	936	201476744
1	937	201476626
1	938	201476626
1	939	201476626
1	940	201476753
1	941	201476636
3	942	201476636
3	943	201476732
3	944	201476637
1	945	201476640
1	946	201476641
2	947	201476645
2	948	201476645
1	949	201476645
1	950	201476645
1	951	201476645
1	952	201476645
2	953	201476645
2	954	201476645
2	955	201476645
1	956	201476645
2	957	201476645
2	958	201476645
2	959	201476645
2	960	201476645
1	961	201476645
1	962	201476645
4	963	201476652
4	964	201476652
4	965	201476652
1	966	201476652
4	967	201476652
4	968	201476652
1	969	201476652
1	970	201476652
1	971	201476652
4	972	201476652
2	973	201476653
1	974	201476653
1	975	201476653
1	976	201476653
1	977	201476653
6	978	201476779
2	979	201476663
6	980	201476662
1	981	201476663
1	982	201476663
1	983	201476663
2	984	201476663
2	985	201476663
2	986	201476663
1	987	201476663
1	988	201476663
1	989	201476683
1	990	201476683
2	991	201476683
2	992	201476813
1	993	201476683
2	994	201476683
2	995	201476683
1	996	201476683
2	997	201476683
3	998	201476727
2	999	201476687
2	1000	201476687
2	1001	201476687
2	1002	201476686
2	1003	201476686
2	1004	201476686
2	1005	201476686
1	1006	201476686
1	1007	201476686
2	1008	201476686
2	1009	201476686
1	1010	201476700
1	1011	201476700
2	1012	201476700
2	1013	201476700
2	1014	201476700
1	1015	201476700
1	1016	201476700
1	1017	201476700
1	1018	201476700
1	1019	201476700
1	1020	201476700
1	1021	201476700
1	1022	201476700
4	1023	201476701
4	1024	201476701
4	1025	201476701
4	1026	201476726
4	1027	201476741
3	1028	201476727
1	1029	201476727
4	1030	201476732
4	1031	201476732
1	1032	201476733
1	1033	201476733
4	1034	201476736
1	1035	201476852
1	1036	201476852
4	1037	201476804
4	1038	201476743
4	1039	201476743
4	1040	201476743
1	1041	201476890
1	1042	201476890
1	1043	201476781
4	1044	201476916
4	1045	201476916
4	1046	201476916
4	1047	201476916
4	1048	201476916
4	1049	201476916
1	1050	201476763
1	1051	201476763
1	1052	201476763
1	1053	201476762
1	1054	201476762
4	1055	201476762
4	1056	201476762
4	1057	201476762
4	1058	201476762
4	1059	201476762
4	1060	201476762
1	1061	201476768
1	1062	201476768
1	1063	201476819
1	1064	201476819
1	1065	201476819
1	1066	201476819
1	1067	201476819
1	1068	201476819
2	1069	201476769
2	1070	201476816
2	1071	201476769
1	1072	201476778
1	1073	201476778
6	1074	201476861
6	1075	201476779
1	1076	201476779
1	1077	201476782
1	1078	201476782
4	1079	201476804
1	1080	201476804
2	1081	201476805
2	1082	201476879
4	1083	201476810
1	1084	201476810
4	1085	201476810
1	1086	201476813
3	1087	201476813
3	1088	201476813
3	1089	201476813
3	1090	201476813
3	1091	201476813
3	1092	201476813
3	1093	201476813
3	1094	201476813
3	1095	201476813
4	1096	201476816
4	1097	201476816
4	1098	201476816
1	1099	201476841
2	1100	201476841
2	1101	201476841
2	1102	201476841
1	1103	201476841
1	1104	201476841
1	1105	201476847
1	1106	201476847
2	1107	201476847
1	1108	201476847
1	1109	201476847
2	1110	201476962
1	1111	201476860
1	1112	201476859
1	1113	201476859
1	1114	201476859
1	1115	201476859
2	1116	201476871
2	1117	201476885
1	1118	201476874
1	1119	201476874
1	1120	201476880
1	1121	201476880
1	1122	201476954
1	1123	201476880
1	1124	201476879
4	1125	201476879
4	1126	201476879
4	1127	201476885
4	1128	201476885
1	1129	201476886
1	1130	201476974
1	1131	201476886
4	1132	201476891
4	1133	201476891
1	1134	201476891
4	1135	201476905
2	1136	201476892
2	1137	201476892
1	1138	201476892
1	1139	201476892
1	1140	201476900
1	1141	201476900
1	1142	201476900
1	1143	201476901
1	1144	201476901
2	1145	201476909
1	1146	201476909
1	1147	201476909
1	1148	201476909
2	1149	201476909
2	1150	201476909
1	1151	201476909
1	1152	201476909
1	1153	201476909
1	1154	201476910
1	1155	201476910
3	1156	201476942
3	1157	201476942
2	1158	201476910
2	1159	201476910
2	1160	201476910
2	1161	201476910
1	1162	201476910
1	1163	201476910
3	1164	201476917
3	1165	201476985
1	1166	201476917
1	1167	201476917
1	1168	201476917
1	1169	201476917
2	1170	201476917
1	1171	201476917
3	1172	201476917
2	1173	201476917
2	1174	201476917
1	1175	201476917
1	1176	201476917
1	1177	201476917
1	1178	201476917
1	1179	201476917
2	1180	201476917
2	1181	201476917
2	1182	201476917
1	1183	201476917
1	1184	201476917
1	1185	201476917
1	1186	201476917
1	1187	201476917
2	1188	201476917
1	1189	201476917
3	1190	201476932
1	1191	201476932
3	1192	201476932
3	1193	201476932
1	1194	201476932
2	1195	201476933
1	1196	201476933
1	1197	201476933
1	1198	201476953
6	1199	201476964
6	1200	201476938
6	1201	201476938
6	1202	201476938
2	1203	201476997
3	1204	201476941
3	1205	201476941
3	1206	201476941
3	1207	201476941
3	1208	201476941
3	1209	201476941
4	1210	201476954
4	1211	201476954
3	1212	201477070
3	1213	201477070
4	1214	201477004
4	1215	201477004
4	1216	201476974
4	1217	201476974
4	1218	201476985
4	1219	201476985
1	1220	201476991
1	1221	201476991
1	1222	201476992
6	1223	201476992
6	1224	201476992
1	1225	201476995
4	1226	201476995
1	1227	201477003
1	1228	201477003
4	1229	201476995
1	1230	201476996
1	1231	201477037
1	1232	201477005
1	1233	201477005
1	1234	201477005
1	1235	201477005
1	1236	201477005
1	1237	201477009
1	1238	201477009
1	1239	201477009
1	1240	201477013
1	1241	201477013
1	1242	201477013
2	1243	201477013
3	1244	201477014
3	1245	201477015
4	1246	201477171
4	1247	201477015
1	1248	201477015
1	1249	201477015
1	1250	201477015
4	1251	201477015
1	1252	201477015
2	1253	201477015
4	1254	201477015
1	1255	201477015
5	1256	201477023
4	1257	201477034
4	1258	201477023
4	1259	201477034
4	1260	201477033
4	1261	201477034
1	1262	201477034
4	1263	201477037
4	1264	201477037
2	1265	201477038
1	1266	201477038
1	1267	201477038
1	1268	201477038
1	1269	201477185
1	1270	201477173
1	1271	201477173
1	1272	201477173
4	1273	201477039
1	1274	201477069
3	1275	201477099
2	1276	201477093
1	1277	201477071
1	1278	201477081
1	1279	201477081
1	1280	201477092
1	1281	201477092
1	1282	201477092
1	1283	201477092
2	1284	201477092
2	1285	201477092
2	1286	201477092
1	1287	201477092
1	1288	201477093
1	1289	201477093
1	1290	201477093
1	1291	201477093
1	1292	201477093
1	1293	201477099
1	1294	201477099
3	1295	201477224
3	1296	201477224
3	1297	201477224
3	1298	201477099
2	1299	201477101
2	1300	201477101
1	1301	201477101
1	1302	201477101
2	1303	201477101
2	1304	201477101
1	1305	201477101
1	1306	201477101
2	1307	201477101
1	1308	201477101
1	1309	201477101
1	1310	201477101
5	1311	201477106
5	1312	201477106
1	1313	201477149
1	1314	201477149
1	1315	201477106
5	1316	201477106
2	1317	201477106
2	1318	201477106
1	1319	201477106
1	1320	201477106
1	1321	201477106
1	1322	201477107
1	1323	201477107
1	1324	201477107
1	1325	201477107
1	1326	201477107
2	1327	201477108
1	1328	201477108
1	1329	201477108
1	1330	201477108
5	1331	201477111
5	1332	201477111
5	1333	201477111
5	1334	201477111
1	1335	201477126
5	1336	201477129
5	1337	201477118
2	1338	201477130
2	1339	201477181
1	1340	201477130
2	1341	201477130
2	1342	201477130
1	1343	201477130
1	1344	201477130
1	1345	201477130
4	1346	201477131
4	1347	201477216
1	1348	201477143
2	1349	201477142
2	1350	201477232
2	1351	201477227
3	1352	201477146
3	1353	201477146
3	1354	201477146
1	1355	201477146
1	1356	201477169
1	1357	201477169
2	1358	201477196
2	1359	201477196
2	1360	201477196
2	1361	201477196
2	1362	201477148
2	1363	201477151
1	1364	201477174
1	1365	201477174
1	1366	201477174
1	1367	201477174
1	1368	201477174
2	1369	201477170
2	1370	201477170
5	1371	201477181
2	1372	201477182
2	1373	201477208
2	1374	201477182
1	1375	201477182
2	1376	201477182
1	1377	201477182
1	1378	201477182
1	1379	201477182
1	1380	201477182
1	1381	201477193
1	1382	201477193
1	1383	201477194
1	1384	201477194
2	1385	201477194
2	1386	201477246
1	1387	201477200
1	1388	201477197
1	1389	201477197
1	1390	201477197
1	1391	201477197
6	1392	201477201
1	1393	201477201
6	1394	201477201
1	1395	201477205
1	1396	201477205
6	1397	201477205
6	1398	201477205
2	1399	201477206
2	1400	201477206
2	1401	201477206
2	1402	201477217
2	1403	201477217
5	1404	201477208
1	1405	201477209
1	1406	201477229
1	1407	201477216
4	1408	201477216
4	1409	201477216
1	1410	201477216
4	1411	201477216
4	1412	201477216
1	1413	201477217
1	1414	201477217
1	1415	201477219
1	1416	201477219
1	1417	201477219
2	1418	201477220
2	1419	201477220
1	1420	201477220
1	1421	201477220
1	1422	201477220
4	1423	201477222
4	1424	201477222
6	1425	201477223
6	1426	201477223
2	1427	201477260
2	1428	201477260
1	1429	201477317
1	1430	201477317
1	1431	201477317
1	1432	201477228
1	1433	201477228
1	1434	201477228
2	1435	201477227
1	1436	201477227
2	1437	201477339
2	1438	201477339
2	1439	201477339
5	1440	201477308
5	1441	201477229
5	1442	201477229
1	1443	201477232
1	1444	201477232
1	1445	201477232
1	1446	201477232
1	1447	201477232
1	1448	201477246
1	1449	201477246
1	1450	201477260
1	1451	201477260
1	1452	201477260
4	1453	201477286
2	1454	201477270
1	1455	201477269
1	1456	201477269
1	1457	201477269
4	1458	201477269
4	1459	201477269
1	1460	201477270
1	1461	201477270
2	1462	201477270
2	1463	201477270
2	1464	201477270
1	1465	201477287
2	1466	201477287
2	1467	201477287
2	1468	201477287
2	1469	201477287
1	1470	201477287
1	1471	201477287
1	1472	201477287
2	1473	201477306
1	1474	201477306
2	1475	201477306
2	1476	201477306
1	1477	201477306
1	1478	201477306
1	1479	201477306
1	1480	201477307
1	1481	201477307
1	1482	201477307
1	1483	201477307
1	1484	201477307
1	1485	201477308
1	1486	201477308
5	1487	201477308
2	1488	201477309
1	1489	201477309
1	1490	201477309
1	1491	201477309
1	1492	201477339
1	1493	201477339
1	1494	201477339
2	1495	201477339
2	1496	201477339
2	1497	201477339
1	1498	201477339
1	1499	201477339
1	1500	201477343
1	1501	201477343
2	1502	201477343
1	1503	201477343
1	1504	201477343
4	1505	201477344
4	1506	201477344
1	1507	201477344
1	1508	201477344
2	1509	201477376
2	1510	201477376
2	1511	201477488
2	1512	201477488
1	1513	201477377
6	1514	201477385
1	1515	201477386
1	1516	201477386
2	1517	201477386
2	1518	201477386
2	1519	201477386
1	1520	201477386
1	1521	201477386
2	1522	201477455
1	1523	201477388
1	1524	201477388
1	1525	201477387
1	1526	201477387
2	1527	201477389
2	1528	201477389
2	1529	201477389
1	1530	201477389
1	1531	201477389
1	1532	201477389
1	1533	201477389
1	1534	201477390
1	1535	201477390
1	1536	201477402
1	1537	201477402
2	1538	201477419
2	1539	201477419
5	1540	201477403
5	1541	201477403
5	1542	201477403
1	1543	201477403
1	1544	201477419
5	1545	201477470
1	1546	201477419
1	1547	201477419
1	1548	201477419
1	1549	201477419
1	1550	201477419
1	1551	201477476
1	1552	201477476
2	1553	201477426
2	1554	201477426
2	1555	201477425
2	1556	201477426
2	1557	201477426
2	1558	201477426
2	1559	201477426
1	1560	201477426
2	1561	201477436
2	1562	201477436
3	1563	201477686
2	1564	201477432
3	1565	201477450
3	1566	201477450
6	1567	201477507
6	1568	201477435
1	1569	201477436
1	1570	201477436
1	1571	201477436
1	1572	201477436
1	1573	201477449
1	1574	201477449
1	1575	201477449
2	1576	201477449
2	1577	201477449
1	1578	201477449
1	1579	201477449
1	1580	201477450
1	1581	201477450
1	1582	201477450
3	1583	201477450
3	1584	201477450
3	1585	201477450
2	1586	201477530
2	1587	201477530
4	1588	201477451
4	1589	201477451
1	1590	201477451
1	1591	201477451
4	1592	201477451
4	1593	201477451
4	1594	201477451
4	1595	201477451
1	1596	201477451
1	1597	201477451
1	1598	201477451
1	1599	201477451
1	1600	201477454
1	1601	201477454
1	1602	201477454
1	1603	201477456
1	1604	201477456
2	1605	201477456
2	1606	201477456
2	1607	201477456
1	1608	201477459
1	1609	201477459
1	1610	201477459
4	1611	201477459
4	1612	201477459
2	1613	201477460
2	1614	201477514
1	1615	201477460
1	1616	201477460
1	1617	201477460
1	1618	201477460
2	1619	201477471
1	1620	201477471
1	1621	201477471
1	1622	201477487
1	1623	201477487
1	1624	201477487
2	1625	201477508
1	1626	201477504
1	1627	201477504
2	1628	201477505
6	1629	201477554
1	1630	201477506
1	1631	201477506
1	1632	201477512
1	1633	201477512
2	1634	201477537
1	1635	201477514
1	1636	201477514
1	1637	201477514
4	1638	201477514
4	1639	201477514
4	1640	201477514
1	1641	201477514
1	1642	201477514
2	1643	201477515
1	1644	201477515
1	1645	201477515
1	1646	201477530
1	1647	201477530
1	1648	201477538
1	1649	201477542
1	1650	201477542
1	1651	201477552
1	1652	201477552
1	1653	201477576
1	1654	201477576
6	1655	201477569
2	1656	201477625
2	1657	201477595
1	1658	201477566
1	1659	201477566
1	1660	201477566
1	1661	201477566
1	1662	201477568
1	1663	201477568
6	1664	201477569
6	1665	201477647
6	1666	201477647
2	1667	201477659
2	1668	201477659
1	1669	201477571
1	1670	201477571
1	1671	201477571
4	1672	201477571
4	1673	201477571
1	1674	201477573
1	1675	201477573
1	1676	201477574
2	1677	201477575
3	1678	201477575
2	1679	201477575
2	1680	201477575
1	1681	201477650
2	1682	201477596
2	1683	201477596
3	1684	201477597
3	1685	201477597
3	1686	201477597
3	1687	201477597
1	1688	201477598
1	1689	201477604
1	1690	201477598
1	1691	201477600
2	1692	201477712
2	1693	201477712
2	1694	201477603
3	1695	201477657
3	1696	201477657
3	1697	201477604
4	1698	201477610
1	1699	201477622
1	1700	201477622
2	1701	201477623
2	1702	201477623
1	1703	201477624
1	1704	201477624
1	1705	201477624
1	1706	201477626
1	1707	201477626
1	1708	201477626
1	1709	201477626
2	1710	201477626
2	1711	201477641
4	1712	201477781
1	1713	201477642
1	1714	201477642
4	1715	201477641
3	1716	201477657
3	1717	201477657
3	1718	201477684
1	1719	201477658
1	1720	201477684
1	1721	201477744
1	1722	201477744
1	1723	201477744
1	1724	201477744
1	1725	201477744
1	1726	201477839
1	1727	201477839
1	1728	201477839
1	1729	201477839
1	1730	201477839
1	1731	201477839
1	1732	201477839
1	1733	201477839
1	1734	201477839
1	1735	201477839
1	1736	201477665
1	1737	201477666
2	1738	201477680
1	1739	201477681
1	1740	201477681
1	1741	201477682
1	1742	201477699
1	1743	201477682
1	1744	201477682
1	1745	201477682
1	1746	201477683
3	1747	201477743
1	1748	201477685
1	1749	201477743
3	1750	201477686
3	1751	201477686
3	1752	201477686
1	1753	201477686
1	1754	201477686
1	1755	201477686
1	1756	201477686
1	1757	201477686
3	1758	201477686
3	1759	201477686
1	1760	201477686
1	1761	201477686
1	1762	201477686
4	1763	201477773
4	1764	201477773
4	1765	201477773
4	1766	201477773
3	1767	201477687
3	1768	201477687
2	1769	201477687
1	1770	201477687
1	1771	201477687
2	1772	201477687
1	1773	201477687
1	1774	201477687
1	1775	201477687
1	1776	201477687
1	1777	201477687
1	1778	201477697
1	1779	201477697
1	1780	201477697
1	1781	201477697
6	1782	201477822
6	1783	201477699
6	1784	201477699
6	1785	201477699
1	1786	201477710
5	1787	201477711
5	1788	201477711
1	1789	201477711
5	1790	201477711
5	1791	201477711
1	1792	201477711
1	1793	201477711
2	1794	201477711
1	1795	201477711
1	1796	201477711
5	1797	201477711
1	1798	201477717
1	1799	201477717
1	1800	201477717
1	1801	201477720
1	1802	201477743
1	1803	201477720
1	1804	201477720
3	1805	201477790
3	1806	201477790
3	1807	201477790
4	1808	201477818
4	1809	201477818
3	1810	201477743
1	1811	201477723
1	1812	201477723
5	1813	201477723
5	1814	201477723
5	1815	201477723
2	1816	201477769
2	1817	201477769
2	1818	201477769
2	1819	201477769
5	1820	201477723
1	1821	201477723
1	1822	201477723
2	1823	201477733
3	1824	201477782
3	1825	201477836
3	1826	201477748
3	1827	201477748
3	1828	201477737
1	1829	201477738
3	1830	201477743
3	1831	201477743
3	1832	201477743
2	1833	201477772
1	1834	201477763
5	1835	201477830
2	1836	201477767
2	1837	201477767
2	1838	201477767
2	1839	201477767
2	1840	201477767
2	1841	201477767
1	1842	201477767
1	1843	201477767
1	1844	201477767
2	1845	201477767
1	1846	201477767
1	1847	201477767
2	1848	201477767
2	1849	201477767
1	1850	201477767
1	1851	201477767
5	1852	201477768
5	1853	201477768
1	1854	201477769
1	1855	201477769
1	1856	201477769
2	1857	201477769
1	1858	201477778
1	1859	201477778
1	1860	201477778
1	1861	201477778
1	1862	201477791
2	1863	201477778
3	1864	201477804
2	1865	201477780
2	1866	201477780
2	1867	201477780
2	1868	201477780
2	1869	201477779
2	1870	201477779
2	1871	201477779
1	1872	201477780
1	1873	201477780
4	1874	201477781
1	1875	201477957
1	1876	201477957
1	1877	201477781
1	1878	201477781
1	1879	201477781
1	1880	201477781
1	1881	201477781
1	1882	201477781
4	1883	201477781
4	1884	201477781
4	1885	201477781
1	1886	201477781
2	1887	201477783
2	1888	201477783
2	1889	201477783
1	1890	201477785
1	1891	201477785
1	1892	201477785
1	1893	201477789
1	1894	201477789
1	1895	201477789
1	1896	201477789
1	1897	201477789
1	1898	201477789
3	1899	201477884
3	1900	201477884
1	1901	201477814
1	1902	201477814
1	1903	201477814
1	1904	201477814
1	1905	201477814
4	1906	201477818
4	1907	201477818
4	1908	201477818
1	1909	201477818
1	1910	201477818
1	1911	201477818
4	1912	201478058
4	1913	201478058
4	1914	201478058
4	1915	201478058
4	1916	201478058
4	1917	201477831
2	1918	201477832
2	1919	201477832
1	1920	201477832
1	1921	201477832
3	1922	201477836
3	1923	201477836
1	1924	201477859
1	1925	201477837
1	1926	201477837
1	1927	201477838
1	1928	201478033
1	1929	201478033
1	1930	201477838
2	1931	201477880
2	1932	201477880
4	1933	201477838
4	1934	201477838
1	1935	201477844
1	1936	201477844
1	1937	201477844
2	1938	201477844
2	1939	201477844
2	1940	201477844
2	1941	201477849
2	1942	201477849
2	1943	201477849
2	1944	201477900
2	1945	201477874
2	1946	201477849
2	1947	201477874
2	1948	201477849
1	1949	201477849
1	1950	201477849
2	1951	201477900
2	1952	201477850
3	1953	201477850
3	1954	201477850
2	1955	201477976
1	1956	201477850
1	1957	201477850
1	1958	201477850
3	1959	201477870
3	1960	201477870
1	1961	201477873
1	1962	201477873
1	1963	201477922
1	1964	201477873
1	1965	201477873
1	1966	201477880
1	1967	201477880
1	1968	201477880
1	1969	201477880
3	1970	201477882
1	1971	201477883
1	1972	201477883
1	1973	201477883
3	1974	201477884
3	1975	201477884
2	1976	201477884
2	1977	201477884
1	1978	201477884
1	1979	201477884
3	1980	201477936
3	1981	201477936
3	1982	201477936
1	1983	201477889
1	1984	201477892
1	1985	201477892
1	1986	201477892
1	1987	201477892
1	1988	201477890
1	1989	201477890
1	1990	201477890
2	1991	201478000
1	1992	201477897
2	1993	201477896
1	1994	201477896
1	1995	201477896
1	1996	201477909
1	1997	201477913
1	1998	201477919
1	1999	201477919
1	2000	201477918
1	2001	201477918
1	2002	201477918
3	2003	201477922
1	2004	201477935
1	2005	201477935
1	2006	201477935
1	2007	201477935
1	2008	201477935
2	2009	201477939
2	2010	201477939
2	2011	201477939
1	2012	201477940
3	2013	201478008
2	2014	201477940
2	2015	201477940
2	2016	201477940
1	2017	201477940
1	2018	201477940
1	2019	201477940
1	2020	201477940
1	2021	201477940
4	2022	201477957
1	2023	201477956
4	2024	201478057
4	2025	201477957
1	2026	201477957
4	2027	201477957
4	2028	201477957
4	2029	201477957
4	2030	201477957
4	2031	201477957
4	2032	201477957
4	2033	201477957
1	2034	201477957
1	2035	201477962
1	2036	201477962
1	2037	201477963
1	2038	201477963
1	2039	201477974
1	2040	201478044
1	2041	201477974
3	2042	201477975
1	2043	201477976
1	2044	201477976
2	2045	201477980
1	2046	201477980
1	2047	201477980
1	2048	201477980
1	2049	201477980
1	2050	201477980
1	2051	201477980
1	2052	201477999
1	2053	201477999
1	2054	201478005
1	2055	201478005
1	2056	201478005
1	2057	201478005
1	2058	201478005
1	2059	201478005
1	2060	201478060
1	2061	201478060
1	2062	201478060
3	2063	201478012
3	2064	201478012
3	2065	201478012
1	2066	201478028
1	2067	201478028
1	2068	201478028
2	2069	201478049
2	2070	201478049
2	2071	201478049
2	2072	201478010
1	2073	201478011
1	2074	201478011
3	2075	201478135
1	2076	201478033
1	2077	201478033
1	2078	201478033
1	2079	201478033
5	2080	201478033
5	2081	201478033
5	2082	201478033
5	2083	201478033
5	2084	201478033
5	2085	201478072
2	2086	201478034
2	2087	201478034
1	2088	201478045
3	2089	201478071
3	2090	201478044
2	2091	201478128
1	2092	201478048
1	2093	201478048
4	2094	201478057
4	2095	201478057
4	2096	201478057
4	2097	201478057
4	2098	201478057
5	2099	201478098
2	2100	201478063
2	2101	201478063
3	2102	201478122
1	2103	201478070
1	2104	201478070
1	2105	201478070
1	2106	201478070
1	2107	201478076
1	2108	201478147
1	2109	201478076
6	2110	201478079
1	2111	201478079
6	2112	201478079
1	2113	201478172
2	2114	201478104
2	2115	201478084
2	2116	201478084
5	2117	201478124
6	2118	201478155
6	2119	201478155
1	2120	201478085
1	2121	201478085
1	2122	201478090
1	2123	201478090
1	2124	201478086
6	2125	201478086
1	2126	201478091
2	2127	201478092
1	2128	201478092
1	2129	201478092
1	2130	201478097
1	2131	201478104
1	2132	201478104
1	2133	201478104
1	2134	201478104
1	2135	201478107
1	2136	201478107
1	2137	201478108
1	2138	201478217
1	2139	201478161
3	2140	201478111
3	2141	201478115
3	2142	201478115
3	2143	201478115
3	2144	201478152
3	2145	201478152
3	2146	201478115
3	2147	201478115
1	2148	201478115
1	2149	201478121
1	2150	201478121
1	2151	201478121
1	2152	201478121
3	2153	201478297
3	2154	201478297
1	2155	201478123
1	2156	201478123
1	2157	201478123
1	2158	201478123
1	2159	201478133
1	2160	201478133
2	2161	201478192
2	2162	201478368
2	2163	201478134
1	2164	201478134
1	2165	201478134
1	2166	201478134
3	2167	201478240
1	2168	201478137
1	2169	201478137
1	2170	201478137
3	2171	201478137
3	2172	201478148
1	2173	201478144
1	2174	201478144
3	2175	201478147
3	2176	201478147
3	2177	201478147
5	2178	201478273
5	2179	201478149
1	2180	201478152
3	2181	201478152
3	2182	201478152
1	2183	201478156
1	2184	201478156
2	2185	201478156
1	2186	201478156
1	2187	201478156
1	2188	201478156
2	2189	201478160
2	2190	201478160
2	2191	201478163
2	2192	201478163
1	2193	201478163
1	2194	201478163
5	2195	201478166
1	2196	201478171
1	2197	201478184
1	2198	201478171
1	2199	201478181
1	2200	201478181
1	2201	201478182
1	2202	201478182
2	2203	201478182
2	2204	201478182
1	2205	201478182
1	2206	201478182
1	2207	201478182
1	2208	201478183
1	2209	201478183
5	2210	201478184
5	2211	201478184
1	2212	201478188
1	2213	201478367
1	2214	201478188
1	2215	201478188
2	2216	201478191
2	2217	201478191
1	2218	201478193
1	2219	201478193
1	2220	201478193
1	2221	201478193
1	2222	201478193
1	2223	201478193
1	2224	201478193
2	2225	201478196
2	2226	201478196
2	2227	201478196
5	2228	201478199
5	2229	201478199
1	2230	201478203
1	2231	201478203
1	2232	201478203
2	2233	201478241
2	2234	201478241
2	2235	201478241
1	2236	201478200
1	2237	201478204
1	2238	201478204
2	2239	201478204
2	2240	201478341
2	2241	201478341
1	2242	201478216
1	2243	201478216
1	2244	201478216
2	2245	201478217
2	2246	201478217
2	2247	201478217
2	2248	201478229
1	2249	201478229
1	2250	201478229
1	2251	201478229
2	2252	201478229
2	2253	201478229
2	2254	201478229
1	2255	201478229
1	2256	201478229
1	2257	201478229
1	2258	201478229
5	2259	201478230
1	2260	201478231
1	2261	201478267
1	2262	201478231
1	2263	201478231
1	2264	201478231
1	2265	201478232
1	2266	201478232
1	2267	201478232
3	2268	201478288
3	2269	201478288
3	2270	201478288
3	2271	201478288
3	2272	201478240
3	2273	201478240
3	2274	201478240
1	2275	201478240
1	2276	201478240
1	2277	201478240
1	2278	201478240
2	2279	201478241
2	2280	201478241
2	2281	201478241
2	2282	201478241
2	2283	201478241
2	2284	201478241
2	2285	201478241
2	2286	201478241
2	2287	201478241
1	2288	201478241
1	2289	201478241
1	2290	201478241
1	2291	201478241
1	2292	201478241
1	2293	201478241
1	2294	201478241
1	2295	201478241
1	2296	201478266
1	2297	201478266
2	2298	201478266
2	2299	201478266
1	2300	201478266
3	2301	201478334
2	2302	201478267
1	2303	201478284
1	2304	201478284
2	2305	201478284
1	2306	201478284
1	2307	201478284
1	2308	201478285
1	2309	201478285
1	2310	201478286
1	2311	201478483
6	2312	201478294
6	2313	201478342
2	2314	201478294
2	2315	201478294
6	2316	201478295
2	2317	201478296
2	2318	201478411
2	2319	201478296
1	2320	201478296
1	2321	201478296
5	2322	201478298
5	2323	201478436
1	2324	201478299
1	2325	201478592
2	2326	201478362
2	2327	201478362
2	2328	201478362
5	2329	201478306
5	2330	201478306
1	2331	201478309
2	2332	201478310
2	2333	201478310
1	2334	201478310
1	2335	201478310
1	2336	201478326
1	2337	201478326
1	2338	201478326
2	2339	201478401
2	2340	201478401
2	2341	201478401
2	2342	201478333
1	2343	201478340
1	2344	201478340
2	2345	201478564
1	2346	201478355
1	2347	201478355
2	2348	201478356
2	2349	201478356
1	2350	201478356
1	2351	201478356
1	2352	201478356
2	2353	201478356
6	2354	201478358
6	2355	201478483
6	2356	201478358
1	2357	201478362
1	2358	201478362
1	2359	201478362
2	2360	201478362
2	2361	201478362
2	2362	201478362
2	2363	201478362
2	2364	201478362
1	2365	201478362
1	2366	201478362
1	2367	201478362
1	2368	201478364
1	2369	201478365
1	2370	201478364
6	2371	201478422
6	2372	201478365
1	2373	201478366
1	2374	201478366
1	2375	201478366
2	2376	201478367
2	2377	201478367
2	2378	201478367
2	2379	201478367
3	2380	201478368
3	2381	201478368
1	2382	201478374
1	2383	201478374
1	2384	201478374
1	2385	201478374
2	2386	201478374
2	2387	201478374
1	2388	201478374
1	2389	201478374
1	2390	201478482
1	2391	201478482
1	2392	201478482
1	2393	201478421
1	2394	201478482
1	2395	201478482
6	2396	201478421
6	2397	201478421
6	2398	201478375
1	2399	201478385
2	2400	201478511
1	2401	201478386
1	2402	201478386
1	2403	201478401
1	2404	201478401
3	2405	201478402
3	2406	201478402
3	2407	201478402
3	2408	201478402
1	2409	201478402
1	2410	201478402
1	2411	201478403
1	2412	201478403
1	2413	201478403
3	2414	201478411
3	2415	201478411
3	2416	201478411
3	2417	201478441
1	2418	201478412
1	2419	201478412
1	2420	201478412
1	2421	201478412
1	2422	201478412
5	2423	201478413
5	2424	201478413
5	2425	201478413
1	2426	201478413
5	2427	201478413
5	2428	201478413
1	2429	201478453
1	2430	201478453
6	2431	201478436
6	2432	201478436
1	2433	201478435
1	2434	201478435
6	2435	201478436
6	2436	201478592
6	2437	201478436
6	2438	201478436
6	2439	201478436
1	2440	201478442
1	2441	201478442
1	2442	201478537
6	2443	201478441
6	2444	201478444
1	2445	201478449
1	2446	201478449
1	2447	201478449
3	2448	201478450
3	2449	201478450
3	2450	201478450
1	2451	201478454
1	2452	201478454
4	2453	201478495
4	2454	201478495
6	2455	201478458
6	2456	201478457
6	2457	201478469
1	2458	201478516
1	2459	201478516
1	2460	201478516
1	2461	201478468
2	2462	201478468
2	2463	201478468
2	2464	201478468
2	2465	201478468
2	2466	201478468
1	2467	201478471
1	2468	201478471
1	2469	201478471
1	2470	201478472
1	2471	201478472
1	2472	201478479
1	2473	201478479
1	2474	201478479
1	2475	201478479
1	2476	201478480
1	2477	201478480
1	2478	201478480
6	2479	201478483
6	2480	201478483
6	2481	201478483
2	2482	201478493
2	2483	201478493
2	2484	201478493
6	2485	201478500
6	2486	201478494
4	2487	201478512
1	2488	201478501
1	2489	201478496
6	2490	201478555
1	2491	201478552
1	2492	201478552
1	2493	201478552
5	2494	201478502
5	2495	201478502
1	2496	201478510
1	2497	201478510
2	2498	201478606
2	2499	201478606
2	2500	201478605
2	2501	201478606
4	2502	201478775
4	2503	201478775
4	2504	201478775
3	2505	201478733
3	2506	201478733
3	2507	201478733
3	2508	201478733
1	2509	201478517
1	2510	201478517
1	2511	201478518
1	2512	201478518
1	2513	201478518
1	2514	201478620
1	2515	201478620
1	2516	201478620
1	2517	201478529
1	2518	201478620
2	2519	201478532
2	2520	201478532
2	2521	201478532
2	2522	201478532
2	2523	201478532
2	2524	201478532
2	2525	201478532
2	2526	201478532
2	2527	201478532
2	2528	201478529
2	2529	201478529
2	2530	201478529
2	2531	201478529
2	2532	201478529
2	2533	201478529
5	2534	201478672
5	2535	201478672
5	2536	201478672
2	2537	201478541
2	2538	201478541
2	2539	201478541
6	2540	201478537
1	2541	201478541
1	2542	201478541
1	2543	201478541
2	2544	201478547
2	2545	201478551
1	2546	201478547
1	2547	201478547
1	2548	201478547
1	2549	201478547
3	2550	201478548
3	2551	201478548
1	2552	201478551
1	2553	201478551
1	2554	201478551
3	2555	201478578
3	2556	201478551
4	2557	201478579
3	2558	201478551
3	2559	201478551
3	2560	201478551
1	2561	201478551
1	2562	201478551
1	2563	201478551
1	2564	201478551
2	2565	201478650
2	2566	201478650
6	2567	201478555
1	2568	201478555
1	2569	201478555
1	2570	201478555
1	2571	201478562
1	2572	201478562
2	2573	201478564
2	2574	201478564
2	2575	201478564
1	2576	201478564
1	2577	201478564
6	2578	201478565
1	2579	201478570
1	2580	201478570
1	2581	201478570
1	2582	201478570
1	2583	201478570
1	2584	201478570
2	2585	201478574
2	2586	201478574
1	2587	201478574
1	2588	201478574
1	2589	201478578
1	2590	201478578
1	2591	201478578
2	2592	201478604
2	2593	201478604
3	2594	201478578
4	2595	201478589
6	2596	201478580
3	2597	201478590
3	2598	201478590
3	2599	201478590
3	2600	201478590
3	2601	201478590
6	2602	201478608
6	2603	201478591
6	2604	201478624
6	2605	201478592
6	2606	201478645
6	2607	201478592
6	2608	201478592
6	2609	201478645
6	2610	201478592
6	2611	201478592
6	2612	201478592
6	2613	201478592
1	2614	201478710
1	2615	201478710
1	2616	201478598
6	2617	201478627
6	2618	201478598
1	2619	201478610
1	2620	201478610
1	2621	201478610
6	2622	201478598
1	2623	201478598
1	2624	201478598
4	2625	201478701
4	2626	201478701
4	2627	201478701
4	2628	201478701
4	2629	201478701
4	2630	201478701
4	2631	201478701
4	2632	201478701
4	2633	201478701
6	2634	201478605
6	2635	201478618
4	2636	201478638
6	2637	201478600
6	2638	201478600
6	2639	201478600
1	2640	201478603
1	2641	201478603
2	2642	201478713
1	2643	201478607
1	2644	201478607
1	2645	201478607
1	2646	201478607
2	2647	201478655
2	2648	201478655
2	2649	201478655
6	2650	201478619
6	2651	201478618
1	2652	201478686
1	2653	201478686
1	2654	201478686
1	2655	201478621
6	2656	201478642
6	2657	201478621
6	2658	201478621
2	2659	201478774
2	2660	201478774
2	2661	201478625
2	2662	201478737
2	2663	201478737
2	2664	201478737
2	2665	201478626
2	2666	201478626
2	2667	201478626
2	2668	201478626
6	2669	201478625
2	2670	201478715
2	2671	201478715
4	2672	201478714
4	2673	201478714
6	2674	201478683
6	2675	201478683
6	2676	201478683
1	2677	201478641
1	2678	201478641
1	2679	201478641
1	2680	201478641
1	2681	201478641
1	2682	201478641
6	2683	201478645
1	2684	201478650
1	2685	201478650
1	2686	201478650
1	2687	201478650
1	2688	201478692
1	2689	201478692
1	2690	201478651
1	2691	201478692
1	2692	201478692
2	2693	201478651
1	2694	201478764
1	2695	201478764
1	2696	201478764
1	2697	201478764
1	2698	201478651
1	2699	201478764
1	2700	201478764
1	2701	201478764
2	2702	201478652
2	2703	201478652
2	2704	201478652
2	2705	201478652
1	2706	201478652
3	2707	201478799
3	2708	201478799
3	2709	201478799
3	2710	201478799
3	2711	201478799
2	2712	201478653
2	2713	201478653
2	2714	201478653
2	2715	201478653
2	2716	201478653
2	2717	201478653
2	2718	201478653
2	2719	201478653
2	2720	201478653
2	2721	201478653
1	2722	201478653
1	2723	201478653
2	2724	201478655
1	2725	201478655
1	2726	201478655
1	2727	201478655
1	2728	201478663
1	2729	201478663
1	2730	201478663
1	2731	201478664
1	2732	201478664
1	2733	201478664
5	2734	201478672
5	2735	201478672
5	2736	201478672
5	2737	201478672
5	2738	201478672
1	2739	201478672
6	2740	201478695
1	2741	201478717
1	2742	201478717
1	2743	201478717
1	2744	201478717
1	2745	201478717
1	2746	201478717
4	2747	201478755
4	2748	201478725
1	2749	201478691
1	2750	201478691
1	2751	201478691
6	2752	201478693
6	2753	201478694
2	2754	201478711
1	2755	201478700
1	2756	201478706
4	2757	201478890
4	2758	201478890
2	2759	201478836
1	2760	201478713
1	2761	201478713
1	2762	201478769
2	2763	201478756
6	2764	201478822
1	2765	201478716
1	2766	201478716
1	2767	201478716
1	2768	201478716
1	2769	201478716
1	2770	201478716
1	2771	201478716
1	2772	201478716
4	2773	201478722
4	2774	201478722
2	2775	201478959
2	2776	201478959
1	2777	201478726
1	2778	201478732
1	2779	201478732
2	2780	201478814
1	2781	201478835
1	2782	201478835
1	2783	201478835
3	2784	201478973
1	2785	201478737
1	2786	201478737
2	2787	201478800
2	2788	201478800
1	2789	201478743
1	2790	201478743
2	2791	201478742
2	2792	201478742
1	2793	201478806
1	2794	201478806
2	2795	201478753
2	2796	201478753
2	2797	201478753
1	2798	201478752
1	2799	201478752
4	2800	201478754
3	2801	201478792
1	2802	201478756
1	2803	201478756
1	2804	201478774
1	2805	201478774
4	2806	201478866
4	2807	201478866
4	2808	201478866
1	2809	201478793
1	2810	201478793
1	2811	201478775
1	2812	201478793
1	2813	201478793
1	2814	201478793
1	2815	201478793
4	2816	201478775
4	2817	201478775
1	2818	201478775
1	2819	201478775
1	2820	201478775
2	2821	201478795
2	2822	201478795
2	2823	201478795
1	2824	201478794
1	2825	201478794
6	2826	201478794
6	2827	201478794
6	2828	201478794
1	2829	201478795
1	2830	201478795
2	2831	201478795
1	2832	201478797
3	2833	201478807
1	2834	201478814
1	2835	201478814
1	2836	201478814
1	2837	201478814
1	2838	201479000
1	2839	201479000
1	2840	201478891
1	2841	201478891
2	2842	201478814
2	2843	201478814
6	2844	201478830
2	2845	201478826
2	2846	201478826
2	2847	201478826
2	2848	201478826
2	2849	201478826
2	2850	201478826
1	2851	201478826
1	2852	201478826
1	2853	201478826
1	2854	201478826
1	2855	201478836
1	2856	201478836
1	2857	201478836
1	2858	201478836
1	2859	201478836
1	2860	201478836
1	2861	201478836
2	2862	201478836
1	2863	201478836
1	2864	201478836
1	2865	201478836
1	2866	201478836
1	2867	201478836
1	2868	201478836
6	2869	201478842
6	2870	201478842
1	2871	201478914
1	2872	201478914
1	2873	201478914
4	2874	201478937
1	2875	201478872
1	2876	201479035
1	2877	201479035
1	2878	201479035
2	2879	201478872
2	2880	201478872
2	2881	201478979
2	2882	201478979
4	2883	201478890
1	2884	201478890
1	2885	201478890
1	2886	201478890
6	2887	201479001
6	2888	201478892
1	2889	201478893
1	2890	201478893
1	2891	201478893
1	2892	201478893
1	2893	201478901
1	2894	201478901
1	2895	201478901
1	2896	201478901
1	2897	201478901
1	2898	201478901
1	2899	201478900
1	2900	201478900
3	2901	201478904
1	2902	201478904
1	2903	201478904
3	2904	201478904
3	2905	201479037
3	2906	201479037
3	2907	201479037
2	2908	201479060
3	2909	201478925
3	2910	201478925
4	2911	201478934
4	2912	201478934
4	2913	201479098
4	2914	201479119
4	2915	201479119
4	2916	201479119
2	2917	201478942
2	2918	201478942
4	2919	201478937
1	2920	201478937
1	2921	201478937
6	2922	201478938
6	2923	201479025
6	2924	201479025
6	2925	201479025
1	2926	201478942
1	2927	201478942
1	2928	201478942
1	2929	201478942
6	2930	201478943
2	2931	201478965
2	2932	201478965
2	2933	201478965
2	2934	201478965
2	2935	201478965
2	2936	201478959
2	2937	201478959
1	2938	201478959
1	2939	201478959
1	2940	201478965
1	2941	201478965
2	2942	201478985
1	2943	201478972
1	2944	201478973
1	2945	201478973
1	2946	201478973
1	2947	201478973
1	2948	201478973
2	2949	201478973
2	2950	201478973
1	2951	201478973
1	2952	201478973
3	2953	201478973
3	2954	201478973
2	2955	201478973
2	2956	201478973
2	2957	201478973
1	2958	201478973
1	2959	201478976
2	2960	201478976
2	2961	201479030
1	2962	201478976
1	2963	201478976
2	2964	201479114
2	2965	201479114
2	2966	201478978
1	2967	201478977
1	2968	201478977
1	2969	201479029
1	2970	201479029
2	2971	201479181
2	2972	201479181
1	2973	201478995
1	2974	201478995
1	2975	201478993
1	2976	201478994
3	2977	201479006
3	2978	201479006
1	2979	201479017
1	2980	201479017
1	2981	201479017
1	2982	201479017
1	2983	201479017
1	2984	201479021
2	2985	201479021
2	2986	201479021
2	2987	201479021
2	2988	201479021
1	2989	201479021
3	2990	201479030
2	2991	201479031
2	2992	201479031
2	2993	201479031
2	2994	201479031
2	2995	201479031
1	2996	201479031
1	2997	201479031
1	2998	201479031
1	2999	201479032
1	3000	201479032
1	3001	201479043
1	3002	201479032
1	3003	201479032
1	3004	201479032
1	3005	201479032
1	3006	201479032
1	3007	201479032
1	3008	201479032
3	3009	201479334
3	3010	201479334
3	3011	201479334
3	3012	201479334
3	3013	201479334
2	3014	201479234
1	3015	201479042
1	3016	201479042
1	3017	201479042
1	3018	201479042
1	3019	201479042
1	3020	201479042
1	3021	201479042
2	3022	201479081
2	3023	201479043
2	3024	201479043
2	3025	201479043
2	3026	201479043
1	3027	201479046
6	3028	201479047
1	3029	201479049
1	3030	201479049
2	3031	201479049
1	3032	201479049
1	3033	201479057
1	3034	201479057
1	3035	201479058
2	3036	201479058
1	3037	201479058
1	3038	201479058
3	3039	201479058
2	3040	201479058
2	3041	201479058
1	3042	201479058
2	3043	201479059
2	3044	201479059
1	3045	201479060
1	3046	201479060
1	3047	201479060
1	3048	201479072
1	3049	201479072
1	3050	201479072
1	3051	201479073
3	3052	201479259
3	3053	201479259
2	3054	201479076
3	3055	201479075
1	3056	201479076
1	3057	201479076
6	3058	201479077
2	3059	201479078
2	3060	201479078
2	3061	201479078
1	3062	201479078
1	3063	201479078
1	3064	201479078
1	3065	201479080
1	3066	201479142
3	3067	201479080
3	3068	201479089
3	3069	201479080
1	3070	201479081
1	3071	201479081
1	3072	201479081
1	3073	201479081
2	3074	201479081
2	3075	201479081
2	3076	201479081
1	3077	201479081
1	3078	201479081
2	3079	201479241
2	3080	201479241
2	3081	201479088
2	3082	201479088
1	3083	201479088
1	3084	201479088
1	3085	201479088
2	3086	201479088
1	3087	201479088
1	3088	201479097
1	3089	201479097
4	3090	201479183
4	3091	201479098
4	3092	201479098
1	3093	201479098
1	3094	201479098
6	3095	201479290
6	3096	201479100
3	3097	201479249
3	3098	201479249
3	3099	201479249
3	3100	201479249
1	3101	201479114
1	3102	201479114
1	3103	201479114
1	3104	201479114
3	3105	201479119
3	3106	201479143
3	3107	201479143
6	3108	201479125
1	3109	201479158
3	3110	201479158
3	3111	201479158
2	3112	201479162
2	3113	201479162
1	3114	201479163
1	3115	201479163
2	3116	201479166
1	3117	201479167
1	3118	201479166
1	3119	201479181
1	3120	201479181
1	3121	201479181
1	3122	201479181
1	3123	201479181
2	3124	201479182
2	3125	201479183
2	3126	201479182
4	3127	201479264
1	3128	201479191
4	3129	201479267
4	3130	201479267
4	3131	201479267
6	3132	201479211
2	3133	201479212
2	3134	201479212
4	3135	201479289
4	3136	201479229
4	3137	201479229
1	3138	201479228
1	3139	201479228
4	3140	201479229
4	3141	201479229
1	3142	201479229
1	3143	201479229
1	3144	201479229
1	3145	201479234
2	3146	201479234
1	3147	201479234
1	3148	201479234
1	3149	201479234
1	3150	201479235
1	3151	201479284
2	3152	201479241
2	3153	201479241
2	3154	201479241
2	3155	201479235
1	3156	201479235
1	3157	201479236
2	3158	201479236
2	3159	201479327
1	3160	201479236
1	3161	201479236
1	3162	201479241
1	3163	201479241
2	3164	201479241
1	3165	201479241
1	3166	201479249
1	3167	201479249
3	3168	201479249
2	3169	201479256
2	3170	201479256
2	3171	201479256
1	3172	201479256
1	3173	201479256
1	3174	201479256
1	3175	201479256
3	3176	201479259
1	3177	201479259
1	3178	201479259
1	3179	201479263
1	3180	201479263
1	3181	201479263
4	3182	201479345
1	3183	201479265
1	3184	201479265
1	3185	201479265
2	3186	201479367
2	3187	201479266
1	3188	201479272
1	3189	201479272
1	3190	201479272
1	3191	201479331
4	3192	201479411
4	3193	201479411
6	3194	201479268
4	3195	201479308
4	3196	201479308
1	3197	201479368
1	3198	201479368
6	3199	201479317
6	3200	201479317
6	3201	201479317
6	3202	201479317
2	3203	201479390
1	3204	201479300
1	3205	201479300
1	3206	201479300
3	3207	201479307
3	3208	201479424
3	3209	201479424
1	3210	201479314
1	3211	201479314
1	3212	201479314
6	3213	201479319
3	3214	201479327
3	3215	201479327
3	3216	201479327
2	3217	201479492
2	3218	201479316
2	3219	201479492
3	3220	201479316
3	3221	201479316
1	3222	201479316
1	3223	201479316
3	3224	201479316
3	3225	201479327
3	3226	201479327
1	3227	201479327
1	3228	201479327
3	3229	201479532
3	3230	201479334
1	3231	201479379
1	3232	201479379
1	3233	201479379
1	3234	201479379
1	3235	201479379
1	3236	201479379
1	3237	201479379
3	3238	201479334
3	3239	201479334
1	3240	201479334
1	3241	201479334
1	3242	201479335
2	3243	201479335
2	3244	201479343
2	3245	201479335
1	3246	201479335
1	3247	201479335
1	3248	201479335
1	3249	201479336
1	3250	201479336
1	3251	201479340
1	3252	201479340
1	3253	201479341
1	3254	201479341
2	3255	201479343
2	3256	201479432
2	3257	201479432
2	3258	201479432
3	3259	201479446
3	3260	201479446
3	3261	201479446
1	3262	201479344
1	3263	201479344
1	3264	201479344
1	3265	201479344
1	3266	201479344
1	3267	201479344
2	3268	201479344
2	3269	201479344
2	3270	201479344
2	3271	201479344
2	3272	201479344
1	3273	201479344
1	3274	201479344
3	3275	201479422
3	3276	201479422
3	3277	201479422
4	3278	201479374
2	3279	201479359
1	3280	201479359
2	3281	201479359
2	3282	201479359
1	3283	201479359
1	3284	201479359
1	3285	201479367
1	3286	201479367
1	3287	201479367
1	3288	201479367
1	3289	201479373
1	3290	201479397
1	3291	201479397
2	3292	201479367
2	3293	201479367
2	3294	201479367
2	3295	201479367
1	3296	201479367
3	3297	201479811
3	3298	201479811
3	3299	201479811
3	3300	201479811
3	3301	201479811
3	3302	201479811
3	3303	201479394
2	3304	201479389
2	3305	201479389
1	3306	201479389
1	3307	201479389
1	3308	201479389
1	3309	201479390
1	3310	201479390
1	3311	201479390
1	3312	201479390
2	3313	201479390
2	3314	201479390
2	3315	201479390
2	3316	201479390
2	3317	201479390
1	3318	201479390
1	3319	201479396
1	3320	201479396
1	3321	201479396
3	3322	201479407
3	3323	201479407
1	3324	201479398
1	3325	201479398
1	3326	201479398
2	3327	201479443
1	3328	201479404
1	3329	201479404
1	3330	201479404
2	3331	201479410
1	3332	201479481
1	3333	201479481
4	3334	201479658
4	3335	201479658
2	3336	201479452
2	3337	201479452
2	3338	201479452
2	3339	201479452
3	3340	201479415
3	3341	201479416
3	3342	201479416
3	3343	201479416
3	3344	201479421
3	3345	201479421
3	3346	201479423
1	3347	201479432
1	3348	201479432
1	3349	201479432
1	3350	201479432
1	3351	201479465
1	3352	201479465
2	3353	201479465
3	3354	201479480
2	3355	201479576
2	3356	201479576
2	3357	201479576
2	3358	201479566
2	3359	201479566
3	3360	201479480
1	3361	201479480
1	3362	201479567
1	3363	201479567
1	3364	201479567
1	3365	201479567
1	3366	201479567
1	3367	201479567
1	3368	201479567
1	3369	201479567
2	3370	201479525
2	3371	201479525
2	3372	201479492
2	3373	201479492
1	3374	201479492
1	3375	201479525
1	3376	201479525
2	3377	201479554
3	3378	201479532
2	3379	201479533
1	3380	201479532
1	3381	201479532
3	3382	201479532
3	3383	201479532
3	3384	201479532
3	3385	201479532
3	3386	201479532
1	3387	201479532
1	3388	201479532
1	3389	201479532
1	3390	201479532
1	3391	201479533
1	3392	201479533
2	3393	201479533
1	3394	201479533
1	3395	201479533
1	3396	201479533
1	3397	201479533
2	3398	201479533
2	3399	201479533
2	3400	201479533
1	3401	201479533
1	3402	201479537
1	3403	201479537
2	3404	201479537
2	3405	201479537
1	3406	201479548
1	3407	201479548
1	3408	201479548
1	3409	201479554
1	3410	201479554
1	3411	201479554
1	3412	201479566
1	3413	201479566
1	3414	201479566
1	3415	201479601
1	3416	201479591
1	3417	201479591
1	3418	201479591
2	3419	201479591
2	3420	201479591
2	3421	201479591
1	3422	201479591
1	3423	201479599
1	3424	201479599
1	3425	201479599
1	3426	201479599
1	3427	201479608
1	3428	201479608
4	3429	201479708
4	3430	201479708
4	3431	201479708
4	3432	201479708
1	3433	201479941
1	3434	201479941
1	3435	201479941
1	3436	201479941
4	3437	201479658
4	3438	201479658
4	3439	201479658
4	3440	201479658
1	3441	201479658
1	3442	201479658
1	3443	201479658
1	3444	201479658
4	3445	201479675
1	3446	201479676
1	3447	201479708
1	3448	201479687
1	3449	201479687
2	3450	201479875
2	3451	201479875
2	3452	201479875
2	3453	201479875
2	3454	201479875
2	3455	201479688
4	3456	201479708
1	3457	201479688
3	3458	201479735
3	3459	201479735
4	3460	201479717
3	3461	201479738
3	3462	201479716
3	3463	201479716
4	3464	201479717
4	3465	201479717
4	3466	201479717
4	3467	201479717
1	3468	201479717
1	3469	201479717
4	3470	201479717
4	3471	201479717
1	3472	201479717
1	3473	201479717
1	3474	201479717
1	3475	201479717
3	3476	201479833
3	3477	201479833
2	3478	201479752
2	3479	201479738
2	3480	201479752
1	3481	201479752
1	3482	201479752
1	3483	201479752
1	3484	201479763
1	3485	201479806
1	3486	201479806
2	3487	201479806
2	3488	201480012
1	3489	201479809
1	3490	201479809
1	3491	201479809
2	3492	201479809
2	3493	201479809
2	3494	201479809
2	3495	201479809
2	3496	201479833
2	3497	201479809
1	3498	201479809
1	3499	201479809
1	3500	201479809
1	3501	201479809
1	3502	201479809
1	3503	201479809
1	3504	201479809
1	3505	201479811
1	3506	201479811
1	3507	201479811
1	3508	201479811
1	3509	201479811
1	3510	201479811
2	3511	201479811
1	3512	201479811
2	3513	201479811
2	3514	201479811
1	3515	201479811
2	3516	201479820
2	3517	201479820
2	3518	201479820
2	3519	201479820
1	3520	201479820
2	3521	201479820
2	3522	201479820
1	3523	201479820
1	3524	201479820
1	3525	201479820
1	3526	201479820
3	3527	201479843
2	3528	201479912
2	3529	201479912
3	3530	201479842
3	3531	201479842
1	3532	201479843
1	3533	201479843
1	3534	201479843
2	3535	201479955
3	3536	201479843
3	3537	201479843
1	3538	201479898
1	3539	201479898
1	3540	201479898
2	3541	201479898
2	3542	201479898
1	3543	201479928
1	3544	201479912
1	3545	201479912
1	3546	201479912
1	3547	201479912
1	3548	201479912
1	3549	201480000
2	3550	201480007
2	3551	201480007
1	3552	201480007
1	3553	201480007
1	3554	201480007
2	3555	201480012
1	3556	201480012
1	3557	201480012
2	3558	201480012
2	3559	201480012
2	3560	201480012
1	3561	201480012
1	3562	201480012
1	3563	201480012
1	3564	201480012
2	3565	201480012
1	3566	201480084
1	3567	201480084
1	3568	201480177
2	3569	201480127
2	3570	201480127
2	3571	201480127
2	3572	201480134
2	3573	201480134
2	3574	201480232
2	3575	201480232
1	3576	201480133
1	3577	201480133
1	3578	201480133
1	3579	201480133
1	3580	201480133
1	3581	201480133
1	3582	201480235
1	3583	201480376
1	3584	201480376
2	3585	201480409
2	3586	201480409
2	3587	201480409
2	3588	201480377
2	3589	201480377
2	3590	201480377
2	3591	201480377
1	3592	201480409
2	3593	201480409
1	3594	201480409
1	3595	201480409
